{
  "experiment_id": "exp_stage4_fair_eval_3000_conservative_and_20260601",
  "analysis_type": "manual_fixed_threshold_eval_with_conservative_and_rule",
  "annotations_csv": "experiments/results/plan_b_stage4/exp_stage4_fair_annotation_3000_20260523/annotation_sheet_labeled.csv",
  "num_labeled_rows": 3000,
  "num_positive": 462,
  "num_negative": 2538,
  "positive_labels": [
    "duplicate",
    "near-duplicate"
  ],
  "results_by_method": {
    "image": {
      "method": "image",
      "rule": "image>=0.85",
      "tp": 324,
      "fp": 1162,
      "tn": 1376,
      "fn": 138,
      "precision": 0.2180349932705249,
      "recall": 0.7012987012987013,
      "f1": 0.33264887063655035,
      "predicted_positive": 1486,
      "predicted_positive_rate": 0.49533333333333335,
      "f1_ci95_low": 0.30515463917525776,
      "f1_ci95_high": 0.35990220048899757
    },
    "text": {
      "method": "text",
      "rule": "text>=0.95",
      "tp": 128,
      "fp": 329,
      "tn": 2209,
      "fn": 334,
      "precision": 0.2800875273522976,
      "recall": 0.27705627705627706,
      "f1": 0.27856365614798695,
      "predicted_positive": 457,
      "predicted_positive_rate": 0.15233333333333332,
      "f1_ci95_low": 0.24080267558528426,
      "f1_ci95_high": 0.3163596966413868
    },
    "naive_union": {
      "method": "naive_union",
      "rule": "image>=0.85 OR text>=0.95",
      "tp": 369,
      "fp": 1464,
      "tn": 1074,
      "fn": 93,
      "precision": 0.20130932896890344,
      "recall": 0.7987012987012987,
      "f1": 0.3215686274509804,
      "predicted_positive": 1833,
      "predicted_positive_rate": 0.611,
      "f1_ci95_low": 0.29688888888888887,
      "f1_ci95_high": 0.346483704974271
    },
    "joint": {
      "method": "joint",
      "rule": "joint>=0.85",
      "tp": 310,
      "fp": 235,
      "tn": 2303,
      "fn": 152,
      "precision": 0.5688073394495413,
      "recall": 0.670995670995671,
      "f1": 0.6156901688182721,
      "predicted_positive": 545,
      "predicted_positive_rate": 0.18166666666666667,
      "f1_ci95_low": 0.5798237022526935,
      "f1_ci95_high": 0.6502463054187191
    },
    "conservative_and": {
      "method": "conservative_and",
      "rule": "image>=0.85 AND text>=0.85",
      "tp": 199,
      "fp": 75,
      "tn": 2463,
      "fn": 263,
      "precision": 0.7262773722627737,
      "recall": 0.43073593073593075,
      "f1": 0.5407608695652174,
      "predicted_positive": 274,
      "predicted_positive_rate": 0.09133333333333334,
      "f1_ci95_low": 0.4971264367816092,
      "f1_ci95_high": 0.5836680053547523
    }
  },
  "bootstrap_iterations": 10000,
  "bootstrap_delta_ci95": {
    "conservative_minus_joint": {
      "delta_ci95_low": -0.11285536060308443,
      "delta_ci95_high": -0.0379395083800379
    },
    "conservative_minus_naive_union": {
      "delta_ci95_low": 0.17678813372963226,
      "delta_ci95_high": 0.26172282394763435
    },
    "conservative_minus_image": {
      "delta_ci95_low": 0.16792990649290546,
      "delta_ci95_high": 0.24754006094050207
    }
  },
  "notes": "Unified paper-facing Stage4 rule: image>=0.85 AND text>=0.85 is used for both the 3000-row main detection table and downstream E_train_stage4_conservative. joint>=0.85 is retained only as an alternative operating point / ablation.",
  "outputs": {
    "metrics_csv": "experiments/results/plan_b_stage4/exp_stage4_fair_eval_3000_conservative_and_20260601/fixed_threshold_metrics_with_conservative_and.csv"
  },
  "git_commit": "fa9cc33b207b610f3391b0ef8e50455b0d9588c5",
  "hardware": "macOS-26.4.1-arm64-arm-64bit-Mach-O"
}
