method,threshold,image_threshold,text_threshold,threshold_source,tp,fp,tn,fn,precision,recall,f1,predicted_positive,predicted_positive_rate,positive_labels
image,0.85,,,manual_paper_thresholds.image_aligned_with_downstream,324,1162,1376,138,0.2180349932705249,0.7012987012987013,0.33264887063655035,1486,0.49533333333333335,duplicate|near-duplicate
text,0.95,,,manual_paper_thresholds.text_aligned_with_downstream,128,329,2209,334,0.2800875273522976,0.27705627705627706,0.27856365614798695,457,0.15233333333333332,duplicate|near-duplicate
naive_union,,0.85,0.95,manual_paper_thresholds.naive_union_aligned_with_downstream,369,1464,1074,93,0.20130932896890344,0.7987012987012987,0.3215686274509804,1833,0.611,duplicate|near-duplicate
joint,0.85,,,manual_paper_thresholds.joint_stage4,310,235,2303,152,0.5688073394495413,0.670995670995671,0.6156901688182721,545,0.18166666666666667,duplicate|near-duplicate
max,0.95,,,manual_paper_thresholds.max_reference,165,433,2105,297,0.27591973244147155,0.35714285714285715,0.3113207547169811,598,0.19933333333333333,duplicate|near-duplicate
