{
  "num_labeled_rows": 1000,
  "num_positive": 295,
  "num_negative": 705,
  "score": "all",
  "best": {
    "threshold": 0.8,
    "score": "image",
    "tp": 187,
    "fp": 115,
    "tn": 590,
    "fn": 108,
    "precision": 0.6192052980132451,
    "recall": 0.6338983050847458,
    "f1": 0.626465661641541,
    "positive_labels": "duplicate|near-duplicate"
  },
  "best_by_score": {
    "image": {
      "threshold": 0.8,
      "score": "image",
      "tp": 187,
      "fp": 115,
      "tn": 590,
      "fn": 108,
      "precision": 0.6192052980132451,
      "recall": 0.6338983050847458,
      "f1": 0.626465661641541,
      "positive_labels": "duplicate|near-duplicate"
    },
    "text": {
      "threshold": 0.6,
      "score": "text",
      "tp": 295,
      "fp": 705,
      "tn": 0,
      "fn": 0,
      "precision": 0.295,
      "recall": 1.0,
      "f1": 0.4555984555984556,
      "positive_labels": "duplicate|near-duplicate"
    },
    "naive_union": {
      "threshold": 0.6,
      "score": "naive_union",
      "tp": 295,
      "fp": 705,
      "tn": 0,
      "fn": 0,
      "precision": 0.295,
      "recall": 1.0,
      "f1": 0.4555984555984556,
      "positive_labels": "duplicate|near-duplicate"
    },
    "joint": {
      "threshold": 0.85,
      "score": "joint",
      "tp": 201,
      "fp": 193,
      "tn": 512,
      "fn": 94,
      "precision": 0.5101522842639594,
      "recall": 0.6813559322033899,
      "f1": 0.5834542815674892,
      "positive_labels": "duplicate|near-duplicate"
    },
    "max": {
      "threshold": 0.6,
      "score": "max",
      "tp": 295,
      "fp": 705,
      "tn": 0,
      "fn": 0,
      "precision": 0.295,
      "recall": 1.0,
      "f1": 0.4555984555984556,
      "positive_labels": "duplicate|near-duplicate"
    }
  },
  "elapsed_seconds": 0.011345148086547852
}