method,rule,tp,fp,tn,fn,precision,recall,f1,predicted_positive,predicted_positive_rate,f1_ci95_low,f1_ci95_high
image,image>=0.85,324,1162,1376,138,0.2180349932705249,0.7012987012987013,0.33264887063655035,1486,0.49533333333333335,0.30515463917525776,0.35990220048899757
text,text>=0.95,128,329,2209,334,0.2800875273522976,0.27705627705627706,0.27856365614798695,457,0.15233333333333332,0.24080267558528426,0.3163596966413868
naive_union,image>=0.85 OR text>=0.95,369,1464,1074,93,0.20130932896890344,0.7987012987012987,0.3215686274509804,1833,0.611,0.29688888888888887,0.346483704974271
joint,joint>=0.85,310,235,2303,152,0.5688073394495413,0.670995670995671,0.6156901688182721,545,0.18166666666666667,0.5798237022526935,0.6502463054187191
conservative_and,image>=0.85 AND text>=0.85,199,75,2463,263,0.7262773722627737,0.43073593073593075,0.5407608695652174,274,0.09133333333333334,0.4971264367816092,0.5836680053547523
